website,count
http://www.sugartech.co.za/factories/list.php,8441
http://www.speed-burger.com/livraison-hamburger/,1344
http://www.last.fm/fr/label/Luaka+Bop/events?setlang=fr,1207
http://www.orange-business.com/ru-en/contacts,890
http://www.orange-business.com/fr/where-we-are,890
http://www.orange-business.com/en/where-we-are,890
http://www.ticketcover.com/paris/,568
http://www.ticketsinventory.com/broker/paris/,561
http://www.ticketnetwork.com/tickets/cirque-du-soleil-tickets.aspx?page=11,506
http://www.ticketnetwork.com/tickets/cirque-du-soleil-tickets.aspx?page=15,506
http://www.ticketnetwork.com/tickets/cirque-du-soleil-tickets.aspx?page=14,506
http://www.ticketnetwork.com/tickets/cirque-du-soleil-tickets.aspx?page=12,506
http://www.ticketnetwork.com/tickets/cirque-du-soleil-varekai-tickets.aspx,506
http://www.ticketnetwork.com/ticket/paris-vp-events.aspx,502
http://www.ticketnetwork.com/local/france/vp/paris-tickets.aspx,502
http://www.erickson-foundation.org/institutes/,387
http://www.lcsqa.org/aasqa,357
http://www.cnap.fr/guide-annuaire,349
http://www.carrepointu.com/points-de-vente,313
http://www.ticketnetwork.com/tickets/paris-saint-germain-fc-tickets.aspx,306
http://www.ticketnetwork.com/tickets/paris-saint-germain-fc-tickets.aspx?pid=47479,306
http://www.touristlink.com/france/pays-de-la-loire/cat/hotels.html,302
http://www.ticketnetwork.com/ticket/paris-saint-germain-events.aspx,302
http://www.ticketsinventory.com/soccer/paris-saint-germain-fc-tickets/,301
http://www.labelsandlabeling.com/suppliers,291
http://www.labelsandlabeling.com/suppliers?companyid=1331,291
http://www.ticketnetwork.com/venues/parc-des-princes-tickets.aspx?vid=4641,286
http://www.touristlink.com/france/cat/services.html,282
http://www.ticketsinventory.com/soccer/paris-saint-germain-fc-tickets/parc-des-princes.php,281
http://www.ticketsinventory.com/venue/parc-des-princes/,281
http://www.touristlink.com/france/cat/airports.html,280
http://www.touristlink.com/france/cat/cities.html?page=20&limit=10,274
http://www.touristlink.com/europe/cat/local-interests.html,273
http://www.labelsandlabeling.com/suppliers/a?tid_op=or&tid=113&title_1=&field_country_value=or&country=All&keys=,271
http://www.touristlink.com/france/guadeloupe/cat/cities.html,267
http://www.touristlink.com/france/pays-de-la-loire.html,262
http://www.larevuedudigital.com/evenements/2015-09-16/?doing_wp_cron=1474328403.2353589534759521484375,228
http://www.larevuedudigital.com/evenements/2015-09-17/,228
http://www.larevuedudigital.com/evenements/2015-09-19/,226
http://www.larevuedudigital.com/evenements/2015-09-18/,226
http://www.setlist.fm/setlists/villagers-6bd58a8a.html,219
http://www.setlist.fm/setlists/brit-floyd-73dffaa9.html,219
http://www.setlist.fm/setlists/while-she-sleeps-13d571e9.html,214
http://www.setlist.fm/setlists/hans-zimmer-73d6b675.html,214
http://www.ticketnetwork.com/venues/zenith-nantes-tickets.aspx?vid=8767,186
http://www.ticketnetwork.com/local/france/la/saint-herblain-tickets.aspx,182
http://hypnose-ericksonienne.fr/categorie/traitement-hypnose/565,144
http://adultsingles.com/browse/22162_Nantes_men.html,143
http://www.touristlink.com/france/cat/local-interests.html,124
http://www.tvtrip.fr/saint_sebastien_sur_loire-hotels/premiere-classe-nantes-est-st-sebastien-loire,121
http://www.touristlink.com/france/hotel-amiral/overview.html,119
http://www.grassrootsfeminism.net/cms/taxonomy/term/120?page=10,116
http://www.tvtrip.fr/nantes-hotels/hotel-france_16,115
http://survie.org/billets-d-afrique/2014/241-decembre-2014/article/match-retour-de-manu-lambert-4902,114
http://emdr.fr/categorie/emdr/429?page=4,110
http://www.tvtrip.fr/roissy_en_france-hotels/ibis-paris-cdg-terminal,109
http://www.touristlink.com/france/place-de-la-concorde/overview.html,103
http://survie.org/francafrique/tchad/article/delphine-djiraibe-interview-no2,100
http://hypnose-ericksonienne.fr/categorie/psychotherapeute/421,99
http://www.touristlink.com/france/loire-valley/overview.html,93
http://www.touristlink.com/france/pays-de-la-loire/cat/airports.html,89
http://www.touristlink.com/france/pays-de-la-loire/cat/airports-bus-rail-stations.html,86
http://www.touristlink.com/france/nantes---atlantique-airport/overview.html,85
http://www.touristlink.com/france/chateaubriant/overview.html,83
http://hypnose-ericksonienne.fr/categorie/hypnose-integrative/583,83
http://www.touristlink.com/france/saint-herblain/overview.html,81
http://www.touristlink.com/france/orvault/overview.html,80
http://www.touristlink.com/france/pays-de-la-loire/overview.html,75
http://www.touristlink.com/france/saint-nazaire/cat/hotels.html,69
http://www.tvtrip.fr/saint_herblain-hotels/city-suites-nantes-atlantis,68
http://www-subatech.in2p3.fr/fr/,64
https://www.pitchup.com/campsites/france/pays-de-la-loire/loire-atlantique/guerande/camping-de-letang-du-pays-blanc/?type=10,60
https://www.pitchup.com/campsites/france/pays-de-la-loire/loire-atlantique/guerande/camping-de-letang-du-pays-blanc/?type=13,60
http://www.tvtrip.fr/nantes-hotels/abat-jour,56
https://www.pitchup.com/campsites/france/bretagne/morbihan/penestin/camping-des-iles/,55
https://www.pitchup.com/campsites/france/pays-de-la-loire/loire-atlantique/pornic/camping-le-patisseau/?q=&type=4,55
http://hypnose-ericksonienne.fr/categorie/therapeute/401,54
http://fr.nomao.com/1300139.html,53
http://www.touristlink.com/france/salonsce-nantes/overview.html,53
http://www.tvtrip.fr/saint_herblain-hotels/ibis-nantes-saint-herblain,48
http://www.tvtrip.fr/nantes-hotels/novotel-nantes-centre-cite-congres,48
http://www.tvtrip.fr/hox5cc5-residhome-nantes-berges-de-la-loire,48
http://www.tvtrip.fr/nantes-hotels/residence-eole-europe,48
http://www.tvtrip.fr/nantes-hotels/campanile-nantes-sainte-luce_1,48
http://www.tvtrip.fr/nantes-hotels/appart-city-nantes-viarme,48
http://www.tvtrip.fr/nantes-hotels/mercure-ile-de-nantes,48
http://www.tvtrip.fr/nantes-hotels/surcouf,48
http://www.tvtrip.fr/vertou-hotels/hotel-le-beautour,48
http://www-subatech.in2p3.fr/fr/recherche/univers-a-haute-energie/plasma/presentation,47
http://www-subatech.in2p3.fr/fr/recherche/nucleaire-et-environnement/erdre/presentation,47
http://www-subatech.in2p3.fr/fr/recherche/nucleaire-et-sante/xenon/presentation,47
http://www-subatech.in2p3.fr/fr/recherche/nucleaire-et-environnement/radiochimie/presentation,47
http://www-subatech.in2p3.fr/fr/recherche/nucleaire-et-sante/prisma/presentation,47
http://www-subatech.in2p3.fr/fr/recherche/univers-a-haute-energie/astro/presentation,47
http://www.thouare.fr/,45
http://www.o-tempo.com/entreprise-telemarketing-nantes,44
http://fr.nomao.com/812110.html,44
http://fr.nomao.com/4813199.html,44
http://www.larevuedudigital.com/evenements/drone-experience-festival/,43
http://fr.nomao.com/4825283.html,42
http://fr.nomao.com/2189846.html,41
http://fr.nomao.com/859425.html,41
http://fr.nomao.com/4710053.html,41
http://fr.nomao.com/361625.html,40
http://fr.nomao.com/4709955.html,40
http://fr.nomao.com/362258.html,40
http://fr.nomao.com/860196.html,40
http://fr.nomao.com/4889638.html,40
http://fr.nomao.com/4702229.html,40
http://fr.nomao.com/10813487.html,40
http://fr.nomao.com/5136203.html,39
http://fr.nomao.com/715374.html,39
http://fr.nomao.com/15472520.html,39
http://fr.nomao.com/4309670.html,39
http://fr.nomao.com/12881410.html,39
http://fr.nomao.com/12871684.html,39
http://www.sportcom.fr/,39
http://fr.nomao.com/532968.html,39
http://fr.nomao.com/15434150.html,39
http://fr.nomao.com/1715469.html,39
http://fr.nomao.com/15620126.html,39
http://fr.nomao.com/4749226.html,39
http://fr.nomao.com/12375357.html,39
http://fr.nomao.com/1209516.html,39
http://fr.nomao.com/2201264.html,39
http://fr.nomao.com/4494771.html,39
http://www.o-tempo.com/,38
http://fr.nomao.com/66933223.html,38
http://www.ratemyarea.com/places/idecoupon-244458,37
http://www.ratemyarea.com/places/reduction-code-promo-246521,37
http://www.ratemyarea.com/places/portabela-245194,37
http://fr.nomao.com/15640361.html,37
http://fr.nomao.com/2155033.html,37
http://www.qivivo.com/fr/,36
http://www.scooter-system.tel/,36
http://fr.nomao.com/10258956.html,36
http://fr.nomao.com/1387830.html,36
http://fr.nomao.com/362234.html,36
http://scooter-system.tel/,36
http://www.ratemyarea.com/places/locatel-242197,36
http://fr.nomao.com/10369924.html,35
http://fr.nomao.com/63910309.html,35
http://fr.nomao.com/7385797.html,35
http://fr.nomao.com/63930948.html,35
http://fr.nomao.com/859845.html,35
http://fr.nomao.com/64015486.html,35
http://www.flexiroll.fr/,34
http://www.cntraveler.com/hotels/france/nantes/sozo-hotel--nantes,33
http://www.civitas.eu/civinet/civinet-francophone,33
http://hypnose-ericksonienne.fr/categorie/psychologue/502,32
http://www.larevuedudigital.com/evenements/industrie-du-futur-smart-manufacturing/,32
https://en.wikipedia.org/wiki/University_of_Nantes,32
http://fr.nomao.com/10405519.html,31
http://fr.nomao.com/1104970.html,31
http://fr.nomao.com/5135368.html,31
http://www.chezmonveto.com/fiche-cabinet-veterinaire-sainte-pazanne-02-40-02-40-49.html,31
http://fr.nomao.com/4494452.html,31
http://fr.nomao.com/15433376.html,31
http://www.chezmonveto.com/fiche-cabinet-veterinaire-sainte-pazanne-102911.html,31
http://lefooding.com/fr/restaurants/restaurant-les-bouteilles-nantes,31
http://www.athena-financement.com/,30
http://www.chezmonveto.com/fiche-cabinet-veterinaire-dr-baron-nantes-02-40-74-08-00.html,30
http://www.chezmonveto.com/fiche-cabinet-veterinaire-dr-baron-nantes-102858.html,30
http://www.chezmonveto.com/fiche-centre-hospitalier-vet-atlantia-nantes-102831.html,29
http://www.chezmonveto.com/fiche-cabinet-veterinaire-nantes-02-40-69-02-97.html,29
http://www.chezmonveto.com/fiche-cabinet-veterinaire-nantes-102802.html,29
http://www.chezmonveto.com/fiche-cabinet-veterinaire-dr-henrio-nantes-02-40-30-26-85.html,29
http://www.chezmonveto.com/fiche-cabinet-veterinaire-dr-meurlet-nantes-02-40-73-50-84.html,29
http://www.sportcom.fr/conception-de-salles,29
http://www.chezmonveto.com/fiche-cabinet-veterinaire-dr-arnette-nantes-102805.html,29
http://www.chezmonveto.com/fiche-cabinet-veterinaire-dr-anthony-nantes-102856.html,29
http://www.chezmonveto.com/fiche-cabinet-veterinaire-dr-schwerer-roze-nantes-102808.html,29
http://www.chezmonveto.com/fiche-cabinet-veterinaire-dr-gaigneur-nantes-02-40-40-22-60.html,29
http://www.chezmonveto.com/fiche-clinique-veterinaire-jules-verne-nantes-102855.html,29
http://www.chezmonveto.com/fiche-cabinet-veterinaire-dr-arnette-nantes-02-40-76-85-56.html,29
http://www.chezmonveto.com/fiche-cabinet-veterinaire-nantes-102804.html,29
http://www.chezmonveto.com/fiche-clinique-veterinaire-de-l-eraudiere-nantes-02-40-68-95-74.html,29
http://www.chezmonveto.com/fiche-cabinet-veterinaire-nantes-102807.html,29
http://www.chezmonveto.com/fiche-cabinet-veterinaire-dr-henrio-nantes-102857.html,29
http://www.chezmonveto.com/fiche-cabinet-veterinaire-dr-gaigneur-nantes-102859.html,29
http://www.chezmonveto.com/fiche-cabinet-veterinaire-dr-schwerer-roze-nantes-02-40-73-84-28.html,29
http://www.chezmonveto.com/fiche-cabinet-veterinaire-nantes-02-40-47-61-17.html,29
http://www.chezmonveto.com/fiche-clinique-veterinaire-de-chantenay-nantes-102806.html,29
http://www.chezmonveto.com/fiche-clinique-veterinaire-de-l-eraudiere-nantes-102860.html,29
http://www.chezmonveto.com/fiche-cabinet-veterinaire-dr-meurlet-nantes-102809.html,29
http://www.lephare.com/fr/contact,29
http://www.sportcom.ma/,29
http://www.chezmonveto.com/fiche-clinique-veterinaire-de-chantenay-nantes-02-40-46-21-44.html,29
http://www.sportcom.fr/afficheurs-compteurs-balance-gong,29
http://www.chezmonveto.com/fiche-cabinet-veterinaire-dr-anthony-nantes-02-51-83-00-41.html,29
http://www.chezmonveto.com/fiche-clinique-veterinaire-jules-verne-nantes-02-40-50-15-00.html,29
http://www.sportcom.fr/sports-de-combat/taekwondo,29
http://www.chezmonveto.com/fiche-cabinet-veterinaire-nantes-102832.html,28
http://fr.nomao.com/2165378.html,28
http://www.chezmonveto.com/fiche-cabinet-veterinaire-nantes-102803.html,28
http://www.octocom-mma.fr/,28
http://fr.nomao.com/1299904.html,27
http://www.thouare.fr/vie-quotidienne/sante,27
http://www.annuaire-mairie.fr/carte-identite-nantes.html,27
http://www.annuaire-mairie.fr/demarches-administratives-cosse-le-vivien.html,27
http://www.annuaire-mairie.fr/demarches-administratives-chemere.html,27
https://www.taylorguitars.com/events/road-show/2013/06/18/michenaud,27
http://www.qivivo.com/fr/qivivo-thermostat,26
http://www.ticketnetwork.com/tickets/fc-nantes-tickets.aspx,26
http://www.europejazz.net/articles/14e-festival-de-nuits-du-jazz,25
https://www.acquia.com/partners/showcase/smile,25
http://fr.nomao.com/362630.html,24
http://www.slideshare.net/patriceboisieau,24
http://www.slideshare.net/JrmeCannaferina,24
http://www.slideshare.net/Manuel_mc,24
http://www.thouare.fr/projets-de-ville/terrain-de-football-synthetique,24
http://www.qivivo.com/fr/qivivo-thermostat-filaire/guide-usage,24
http://www.toplien.fr/boutique-ligne/vetement/vintage/paradis-mode-vintage-disco-annees-1960-1970-1980-d5085.html,24
http://fr.nomao.com/41520403.html,23
http://www.slideshare.net/sunye,23
http://fr.nomao.com/15675742.html,23
http://fr.nomao.com/10814296.html,23
http://fr.nomao.com/5133740.html,23
http://fr.nomao.com/715382.html,23
http://www.qivivo.com/fr/societe/partenaires,23
http://www.europejazz.net/jazz-pages/festival/nuit-du-jazz,23
http://fr.nomao.com/12876741.html,23
http://www.qivivo.com/fr/comment-ca-marche/caracteristiques/qivivo-thermostat-filaire,23
http://volunteeralliance.org/volunteer/david-rouxel,23
http://www.slideshare.net/Bringr,23
http://dating.lt/users1/jerrybee,22
http://dating.lt/users1/stone576,22
http://www.slideshare.net/marcblanchard54,22
http://dating.lt/users1/slim67140,22
http://www.royal-de-luxe.com/en/,22
http://dating.lt/users1/mezaji12,22
http://dating.lt/users1/narcisse21,22
http://www.slideshare.net/smobile,22
http://dating.lt/users1/stevens44,22
http://www.slideshare.net/Synodiance,22
http://dating.lt/users1/geelotype,22
http://dating.lt/users1/herreba,22
http://www.slideshare.net/sebastiensauteur,22
http://dating.lt/users1/oliviermil,22
http://dating.lt/users1/adinana,22
http://www.resto-pierrot-gourmet.fr/,21
http://www.europejazz.net/jazz-pages/organization/c%C3%B4te-ouest-productions,21
http://www.portail-du-chocolat.fr/salon/salon-du-chocolat-nantes,20
http://www.europejazz.net/jazz-pages/media/yolk-records,20
https://www.skimble.com/locations/142241-nantes-france,20
http://www.flexiroll.de/,19
http://www.eurovelo.org/event/ecf-and-egwa-joint-conference/,19
http://therapeutes.eu/annuaire-hypnose-ericksonienne/dr-isabelle-stimec,18
http://hypnose-medicale.eu/categorie/dr-julien-betbeze/1430,18
http://le-portail.com/categorie/dr-julien-betbeze/1430,18
http://hypnose-ericksonienne.fr/nantes-reze/pierre-henri-garnier-psychologue-psychotherapeute,18
https://zh.wikipedia.org/wiki/Epitech,18
http://therapeutes.eu/annuaire-hypnotherapeute/Dr-Julien-Betbeze-Pedo-Psychiatre-Psychotherapeute-Formateur-Hypnose-Ericksonienne-EMDR-HTSMA-Nantes,18
http://therapeutes.eu/categorie/dr-julien-betbeze/1430,18
http://hudson.fr/fr-fr/hudson-ouest-atlantique,17
http://patrick.pezier.com/,16
http://www.qivivo.com/fr/conditions-generales-de-vente-et-utilisation,16
http://www.qivivo.com/fr/comment-ca-marche/questions-frequentes,16
http://www.qivivo.com/fr/societe/kit-presse,16
http://www.travbuddy.com/Hotel-Saint-Patrick-Nantes-v230702,16
http://www.qivivo.com/fr/societe/notre-histoire,16
http://www.qivivo.com/fr/thermostat/temoignages-clients,16
http://www.qivivo.com/fr/doc/api/,16
http://www.qivivo.com/fr/thermostat/fonctionnalites,16
http://www.qivivo.com/fr/pro/bailleurs-sociaux,16
http://www.qivivo.com/fr/pro/promoteurs-constructeurs,16
http://www.qivivo.com/fr/societe/presse,16
http://www.qivivo.com/fr/pro/entreprises-du-batiment,16
http://www.qivivo.com/fr/pro/inscription,16
http://www.qivivo.com/fr/compatibilite-thermostat/,16
http://www.qivivo.com/fr/societe/rejoignez-nous,16
https://simple.wikipedia.org/wiki/Institut_sup%C3%A9rieur_europ%C3%A9en_de_formation_par_l%27action,16
http://www.qivivo.com/fr/comment-ca-marche/caracteristiques/qivivo-thermostat,16
http://terraform.fr/insitu/les-jardins-passagers/,16
http://www.travbuddy.com/La-Cigale-v490110,16
http://www.qivivo.com/fr/pro/temoignages-pros,16
http://www.qivivo.com/fr/comment-ca-marche/installation,16
http://www.qivivo.com/fr/notices,16
https://simple.wikipedia.org/wiki/%C3%89cole_pour_l%27informatique_et_les_nouvelles_technologies,16
http://www.qivivo.com/fr/mentions-legales,16
http://www.travbuddy.com/Le-Spoutnick-v7199,15
http://www.esn-nantes.org/event/premier-caf%C3%A9-polyglotte,15
https://www.zapaday.com/venue/470145,15
https://en.wikipedia.org/wiki/E-Artsup,14
http://www.varoqueaux.fr/,14
http://www.flexi-roll.es/,14
http://adultsingles.com/browse/22162_Nantes_women.html,14
http://www.resto-aupetitraphael.fr/,14
http://www.flexiroll.co.uk/,14
http://www.tattoo.com/doppleganger,14
http://www.toplien.fr/transport/moto/piece-accessoire/pieces-moto-scooter-quad-d37326.html,13
https://www.annuairetel247.com/roussos-michel-nantes-bat-b-rue-soubzmain,13
http://copainsdavant.linternaute.com/p/jean-claude-feniou-4489243,13
http://terraform.fr/,13
https://www.annuairetel247.com/pellerin-christian-nantes-rte-st-joseph,13
http://terraform.fr/actualites/,13
http://terraform.fr/2013/09/la-folie-des-plantes-2013/,13
https://simple.wikipedia.org/wiki/Nantes,13
http://www.royal-de-luxe.com/es/,12
http://www.msri.org/institutions/500000591,12
http://cflex.com/global-locations/simedit-imprimeur-sas/,12
http://www.groupechesse.fr/,12
http://www.wik-nantes.fr/nantes/1/scene/suffocationcephalic-carnagehavokfallujah,12
http://www.royal-de-luxe.com/fr/,12
http://www.cflex.com/global-locations/simedit-imprimeur-sas/,12
http://cflex.com/global-locations/simedit-sas/,12
https://www.zapaday.com/venue/844650,11
https://www.autismspeaks.org/liub-buildings/fountain-royal-palace,11
http://www.tripadvisor.cn/Hotel_Review-g635821-d248949-Reviews-Ibis_Nantes_Saint_Herblain-Saint_Herblain_Nantes_Loire_Atlantique_Pays_de_la_Loire.html,5
http://www.tripadvisor.cn/Hotel_Review-g635821-d2522032-Reviews-Bho_Hotel-Saint_Herblain_Nantes_Loire_Atlantique_Pays_de_la_Loire.html,4
http://www.tripadvisor.cn/Hotel_Review-g187198-d289355-Reviews-Oceania_Hotel_de_France-Nantes_Loire_Atlantique_Pays_de_la_Loire.html,4
http://www.tripadvisor.cn/Hotel_Review-g187198-d197254-Reviews-Chateau_Bois_Briand-Nantes_Loire_Atlantique_Pays_de_la_Loire.html,4
http://www.tripadvisor.cn/Hotel_Review-g1080881-d497042-Reviews-Brit_Hotel_Nantes_Vigneux_L_Atlantel-Vigneux_de_Bretagne_Loire_Atlantique_Pays_de_la_L.html,4
http://www.tripadvisor.cn/Hotel_Review-g661723-d942889-Reviews-Premier_Prix_Hotel_Relais_de_Nantes-Sainte_Luce_sur_Loire_Nantes_Loire_Atlantique_Pays_.html,4
http://www.tripadvisor.cn/Hotel_Review-g187130-d229805-Reviews-Hotel_Terminus_Tours-Tours_Loire_Valley_Centre_Val_de_Loire.html,4
http://www.tripadvisor.cn/Hotel_Review-g187198-d2502849-Reviews-Adagio_Access_Nantes_Viarme-Nantes_Loire_Atlantique_Pays_de_la_Loire.html,4
http://www.tripadvisor.cn/Hotel_Review-g1080871-d2161417-Reviews-Erdre_Intime-Reze_Nantes_Loire_Atlantique_Pays_de_la_Loire.html,4
http://www.tripadvisor.cn/Hotel_Review-g187198-d1224321-Reviews-Jules_Verne_Hotel-Nantes_Loire_Atlantique_Pays_de_la_Loire.html,4
http://www.tripadvisor.cn/Hotel_Review-g608800-d565381-Reviews-Campanile_Nantes_Est_Saint_Sebastien_Sur_Loire-Saint_Sebastien_sur_Loire_Loire_Atlantiq.html,4
http://www.tripadvisor.cn/Hotel_Review-g207349-d1076266-Reviews-Appart_City_Nantes_Carquefou-Carquefou_Nantes_Loire_Atlantique_Pays_de_la_Loire.html,4
http://www.tripadvisor.cn/Hotel_Review-g187198-d660575-Reviews-B_B_Hotel_Nantes_Centre-Nantes_Loire_Atlantique_Pays_de_la_Loire.html,4
,
,321
total,
